{"accuracy": [0.5526424646377563, 0.7855039238929749, 0.844512403011322, 0.8797211647033691, 0.8989970684051514, 0.9159968495368958, 0.9256419539451599, 0.9357849359512329, 0.9428977966308594, 0.9483462572097778], "loss": [1.5361193418502808, 0.6973585486412048, 0.4947581887245178, 0.37915629148483276, 0.3078565001487732, 0.2603781521320343, 0.22224654257297516, 0.19414126873016357, 0.17089277505874634, 0.15254980325698853], "val_accuracy": [0.801445484161377, 0.8662645220756531, 0.8994991779327393, 0.9157181978225708, 0.9124743938446045, 0.9265877604484558, 0.9418962001800537, 0.947416365146637, 0.9510015845298767, 0.9503186941146851], "val_loss": [0.6622790098190308, 0.43929749727249146, 0.3244684338569641, 0.26567867398262024, 0.2731855511665344, 0.22406286001205444, 0.17995914816856384, 0.1627848893404007, 0.1517409235239029, 0.15777884423732758]}